"Rank","Player","REC","TGT","YDS","Y/R","LG","20+","TD","ATT","YDS","TD","FL","G","FPTS","FPTS/G","ROST"
"1","Justin Jefferson (MIN)","128","184","1,809","14.1","64","49","8","4","24","1","0","17","368.6","21.7","100.0%"
"2","Tyreek Hill (MIA)","119","170","1,710","14.4","64","45","7","7","32","1","0","17","341.2","20.1","100.0%"
"3","Davante Adams (LV)","100","180","1,516","15.2","60","47","14","3","-1","0","0","17","335.5","19.7","100.0%"
"4","Stefon Diggs (BUF)","110","156","1,455","13.2","53","35","11","1","-3","0","0","17","321.2","18.9","100.0%"
"5","CeeDee Lamb (DAL)","107","156","1,359","12.7","39","30","9","10","47","0","0","17","301.6","17.7","99.9%"
"6","A.J. Brown (PHI)","88","145","1,496","17.0","78","45","11","0","0","0","2","17","299.6","17.6","99.9%"
"7","Amon-Ra St. Brown (DET)","106","146","1,161","11.0","49","15","6","9","95","0","0","16","267.6","16.7","99.3%"
"8","Jaylen Waddle (MIA)","75","117","1,356","18.1","84","41","8","3","26","0","1","17","259.2","15.2","99.4%"
"9","DeVonta Smith (PHI)","95","136","1,196","12.6","45","30","7","0","0","0","1","17","254.6","15.0","95.1%"
"10","Amari Cooper (CLE)","78","132","1,160","14.9","55","31","9","0","0","0","0","17","247.0","14.5","96.3%"
"11","Ja'Marr Chase (CIN)","87","134","1,046","12.0","60","22","9","5","8","0","2","13","242.4","18.6","100.0%"
"12","Christian Kirk (JAC)","84","133","1,108","13.2","49","27","8","5","11","0","1","17","241.9","14.2","95.2%"
"13","Tyler Lockett (SEA)","84","117","1,033","12.3","40","23","9","0","0","0","2","16","237.3","14.8","91.8%"
"14","Terry McLaurin (WAS)","77","120","1,191","15.5","52","34","5","7","29","0","0","17","229.0","13.5","97.6%"
"15","Brandon Aiyuk (SF)","78","114","1,015","13.0","54","23","8","2","23","0","1","17","227.8","13.4","91.8%"
"16","DK Metcalf (SEA)","90","141","1,048","11.6","54","20","6","0","0","0","2","17","226.8","13.3","98.6%"
"17","Mike Evans (TB)","77","127","1,124","14.6","63","34","6","0","0","0","0","15","225.4","15.0","98.6%"
"18","Tee Higgins (CIN)","75","110","1,042","13.9","59","24","7","0","0","0","0","15","223.2","14.9","99.2%"
"19","Chris Godwin (TB)","104","142","1,023","9.8","44","13","3","3","5","0","2","15","222.8","14.9","96.3%"
"20","Michael Pittman Jr. (IND)","99","141","925","9.3","28","8","4","3","30","0","1","16","216.5","13.5","96.4%"
"21","Garrett Wilson (NYJ)","83","147","1,103","13.3","60","27","4","4","4","0","1","17","215.7","12.7","91.4%"
"22","Jerry Jeudy (DEN)","67","100","972","14.5","67","31","6","4","40","0","0","15","204.2","13.6","91.1%"
"23","Cooper Kupp (LAR)","75","98","812","10.8","75","18","6","9","52","1","1","9","201.4","22.4","77.5%"
"24","DJ Moore (CHI)","63","118","888","14.1","62","27","7","10","53","0","0","17","199.1","11.7","94.0%"
"25","Chris Olave (NO)","72","119","1,042","14.5","53","25","4","0","0","0","2","15","198.2","13.2","89.0%"
"26","Zay Jones (JAC)","82","121","823","10.0","59","10","5","4","18","0","0","16","198.1","12.4","71.5%"
"27","JuJu Smith-Schuster (NE)","78","101","933","12.0","53","18","3","0","0","0","2","16","185.3","11.6","94.1%"
"28","Diontae Johnson (PIT)","86","147","882","10.3","37","10","0","7","25","0","0","17","180.7","10.6","86.8%"
"29","Jakobi Meyers (LV)","67","96","804","12.0","48","18","6","2","-11","0","2","14","180.3","12.9","68.9%"
"30","Adam Thielen (FA)","70","107","716","10.2","36","8","6","1","4","0","0","17","180.0","10.6","89.3%"
"31","Drake London (ATL)","72","117","866","12.0","40","15","4","0","0","0","3","17","178.6","10.5","71.9%"
"32","Mike Williams (LAC)","63","93","895","14.2","55","20","4","0","0","0","0","13","176.5","13.6","96.0%"
"33","Curtis Samuel (WAS)","64","92","656","10.3","49","13","4","38","187","1","1","17","176.3","10.4","58.3%"
"34","Tyler Boyd (CIN)","59","83","776","13.2","60","18","6","0","0","0","0","17","175.5","10.3","71.8%"
"35","Allen Lazard (NYJ)","60","100","788","13.1","47","20","6","2","0","0","0","15","174.8","11.7","85.5%"
"36","Gabe Davis (BUF)","48","93","836","17.4","98","20","7","0","0","0","1","15","171.6","11.4","93.5%"
"37","Joshua Palmer (LAC)","72","107","769","10.7","50","12","3","1","4","0","0","16","169.3","10.6","60.8%"
"38","Deebo Samuel (SF)","56","94","632","11.3","57","11","2","42","232","3","2","13","168.4","13.0","93.9%"
"39","Donovan Peoples-Jones (CLE)","61","96","839","13.8","42","21","3","1","2","0","1","17","167.1","9.8","53.1%"
"40","George Pickens (PIT)","52","84","801","15.4","42","25","4","3","24","1","0","17","166.5","9.8","64.2%"
"41","Christian Watson (GB)","41","65","611","14.9","63","17","7","7","80","2","0","14","164.1","11.7","88.2%"
"42","Keenan Allen (LAC)","66","89","752","11.4","46","14","4","1","8","0","1","10","164.0","16.4","98.9%"
"43","Courtland Sutton (DEN)","64","109","829","13.0","51","18","2","1","5","0","0","15","159.4","10.6","78.2%"
"44","Marquise Brown (ARI)","67","107","709","10.6","47","11","3","1","1","0","0","12","156.0","13.0","85.3%"
"45","K.J. Osborn (MIN)","60","90","650","10.8","66","13","5","3","6","0","0","17","155.6","9.2","9.5%"
"46","Mack Hollins (FA)","57","94","690","12.1","60","15","4","4","40","0","0","17","154.2","9.1","22.5%"
"47","DeAndre Hopkins (ARI)","64","96","717","11.2","33","10","3","0","0","0","1","9","151.7","16.9","93.7%"
"48","Parris Campbell (FA)","63","91","623","9.9","49","13","3","5","58","0","0","17","149.1","8.8","31.5%"
"49","Brandin Cooks (HOU)","57","93","699","12.3","44","22","3","2","7","0","0","13","145.6","11.2","66.0%"
"50","Richie James Jr. (FA)","57","70","569","10.0","33","4","4","2","6","0","3","16","132.5","8.3","11.1%"
"51","Jahan Dotson (WAS)","35","61","523","14.9","61","17","7","2","-7","0","0","12","130.6","10.9","42.8%"
"52","Darius Slayton (FA)","46","71","724","15.7","55","24","2","0","0","0","1","13","128.4","9.9","52.5%"
"53","Russell Gage (TB)","51","70","426","8.4","23","3","5","0","0","0","1","13","123.6","9.5","19.1%"
"54","Marquez Valdes-Scantling (KC)","42","81","687","16.4","57","22","2","1","-3","0","0","17","122.4","7.2","43.5%"
"55","Isaiah McKenzie (BUF)","42","66","423","10.1","30","5","4","9","55","1","0","16","119.8","7.5","30.3%"
"56","Marvin Jones Jr. (FA)","46","81","529","11.5","37","8","3","0","0","0","0","16","116.9","7.3","12.8%"
"57","Kalif Raymond (DET)","47","64","616","13.1","56","17","0","7","36","0","1","17","116.2","6.8","2.2%"
"58","Devin Duvernay (BAL)","37","49","407","11.0","31","7","3","12","84","1","0","14","116.1","8.3","28.0%"
"59","Robert Woods (HOU)","53","91","527","9.9","41","6","2","0","0","0","1","17","115.7","6.8","41.8%"
"60","Chris Moore (FA)","48","74","548","11.4","52","16","2","3","3","0","0","15","115.1","7.7","12.4%"
"61","Noah Brown (HOU)","43","74","555","12.9","51","12","3","0","0","0","1","16","114.5","7.2","2.4%"
"62","Greg Dortch (ARI)","52","64","467","9.0","47","8","2","7","44","0","1","16","113.1","7.1","8.7%"
"63","Alec Pierce (IND)","41","78","593","14.5","47","16","2","0","0","0","0","16","112.3","7.0","11.0%"
"64","DeAndre Carter (FA)","46","65","538","11.7","35","15","3","2","-15","0","2","17","112.3","6.6","12.3%"
"65","Olamide Zaccheaus (FA)","40","61","533","13.3","45","14","3","2","7","0","1","17","110.0","6.5","0.8%"
"66","Michael Gallup (DAL)","39","74","424","10.9","27","4","4","0","0","0","0","14","105.4","7.5","61.9%"
"67","Chase Claypool (CHI)","46","79","451","9.8","31","8","1","9","59","0","1","15","105.0","7.0","44.9%"
"68","Josh Reynolds (DET)","38","59","479","12.6","31","9","3","0","0","0","0","12","103.9","8.7","6.1%"
"69","Demarcus Robinson (FA)","48","75","458","9.5","31","5","2","0","0","0","1","16","103.8","6.5","12.7%"
"70","DeVante Parker (NE)","31","47","539","17.4","43","18","3","0","0","0","0","13","102.9","7.9","12.1%"
"71","Romeo Doubs (GB)","42","67","425","10.1","26","7","3","1","11","0","1","13","101.6","7.8","19.0%"
"72","Darnell Mooney (CHI)","40","61","493","12.3","56","12","2","1","2","0","0","11","101.5","9.2","35.1%"
"73","Rashid Shaheed (NO)","28","34","488","17.4","68","19","2","4","57","1","0","12","100.5","8.4","5.3%"
"74","Isaiah Hodgins (NYG)","37","48","392","10.6","29","4","4","0","0","0","1","9","100.2","11.1","7.4%"
"75","DJ Chark Jr. (FA)","30","52","502","16.7","51","17","3","0","0","0","0","11","98.2","8.9","44.4%"
"76","Corey Davis (NYJ)","32","64","536","16.8","66","13","2","0","0","0","0","13","97.6","7.5","16.1%"
"77","Nico Collins (HOU)","37","66","481","13.0","58","11","2","0","0","0","0","10","97.1","9.7","16.2%"
"78","Mecole Hardman (FA)","25","34","297","11.9","36","8","4","4","31","2","0","8","93.8","11.7","26.3%"
"79","Marquise Goodwin (FA)","27","42","387","14.3","38","10","4","2","5","0","0","13","90.2","6.9","7.2%"
"80","Kendrick Bourne (NE)","35","48","434","12.4","41","9","1","6","39","0","0","16","88.3","5.5","1.6%"
"81","Treylon Burks (TEN)","33","54","444","13.5","51","17","1","4","47","0","0","11","88.1","8.0","40.9%"
"82","Elijah Moore (NYJ)","37","65","446","12.1","42","10","1","5","5","0","0","16","88.1","5.5","36.1%"
"83","Rondale Moore (ARI)","41","56","414","10.1","38","8","1","6","-5","0","0","8","87.9","11.0","30.4%"
"84","Allen Robinson II (LAR)","33","52","339","10.3","29","3","3","0","0","0","0","10","84.9","8.5","33.8%"
"85","Quez Watkins (PHI)","33","51","354","10.7","53","12","3","3","1","0","1","17","84.5","5.0","1.2%"
"86","Ben Skowronek (LAR)","39","61","376","9.6","32","7","0","1","17","1","0","14","84.3","6.0","3.2%"
"87","Trent Sherfield (FA)","30","51","417","13.9","75","9","2","0","0","0","0","16","83.7","5.2","1.3%"
"88","Terrace Marshall Jr. (CAR)","28","47","490","17.5","43","17","1","0","0","0","0","13","83.0","6.4","6.7%"
"89","Nick Westbrook-Ikhine (TEN)","25","50","397","15.9","63","11","3","0","0","0","0","16","82.7","5.2","2.2%"
"90","Jauan Jennings (SF)","35","56","416","11.9","44","6","1","0","0","0","0","16","82.6","5.2","1.4%"
"91","Randall Cobb (FA)","34","50","417","12.3","40","10","1","0","0","0","0","13","81.7","6.3","4.9%"
"92","Hunter Renfrow (LV)","36","50","330","9.2","27","3","2","0","0","0","1","10","79.0","7.9","25.7%"
"93","Van Jefferson (LAR)","24","44","369","15.4","39","9","3","0","0","0","0","10","78.9","7.9","21.0%"
"94","Nelson Agholor (FA)","31","53","362","11.7","44","9","2","0","0","0","2","15","75.2","5.0","3.3%"
"95","Laviska Shenault Jr. (CAR)","27","32","272","10.1","67","8","1","9","65","1","0","13","72.7","5.6","0.8%"
"96","Jamal Agnew (JAC)","23","30","187","8.1","24","1","3","12","86","0","0","15","72.3","4.8","0.4%"
"97","Julio Jones (FA)","24","43","299","12.5","48","6","2","5","45","0","0","10","70.4","7.0","17.4%"
"98","Tyquan Thornton (NE)","22","45","247","11.2","29","4","2","3","16","1","0","12","66.3","5.5","0.9%"
"99","Dante Pettis (FA)","19","41","245","12.9","51","7","3","2","37","0","0","17","65.2","3.8","0.1%"
"100","Equanimeous St. Brown (CHI)","21","38","323","15.4","56","9","1","6","54","0","0","16","64.7","4.0","0.3%"
"101","Trenton Irwin (CIN)","15","23","231","15.4","45","6","4","1","11","0","0","9","63.2","7.0","0.7%"
"102","Tutu Atwell (LAR)","18","35","298","16.6","62","12","1","9","34","1","0","12","63.2","5.3","2.2%"
"103","Shi Smith (CAR)","22","41","296","13.5","38","8","2","0","0","0","1","17","61.6","3.6","0.1%"
"104","A.J. Green (FA)","24","47","236","9.8","77","4","2","0","0","0","0","13","61.6","4.7","1.7%"
"105","Jarvis Landry (FA)","25","39","272","10.9","40","5","1","0","0","0","0","9","60.2","6.7","19.0%"
"106","Justin Watson (FA)","15","34","315","21.0","67","12","2","0","0","0","0","17","58.5","3.4","0.9%"
"107","Ray-Ray McCloud III (SF)","14","25","243","17.4","42","8","1","4","78","1","0","17","58.1","3.4","0.7%"
"108","Braxton Berrios (FA)","18","32","145","8.1","25","2","0","9","91","2","0","17","57.7","3.4","1.0%"
"109","Kadarius Toney (KC)","16","20","171","10.7","38","5","2","7","82","1","1","9","57.3","6.4","33.5%"
"110","Kendall Hinton (DEN)","24","33","311","13.0","35","8","0","2","13","0","0","11","56.4","5.1","3.8%"
"111","Rashod Bateman (BAL)","15","28","285","19.0","75","12","2","0","0","0","1","6","53.5","8.9","23.2%"
"112","Tre'Quan Smith (NO)","19","27","278","14.6","48","6","1","0","0","0","0","10","52.8","5.3","0.5%"
"113","Chosen Anderson (FA)","20","44","282","14.1","75","7","1","0","0","0","1","12","52.2","4.4","6.6%"
"114","Damiere Byrd (FA)","13","23","268","20.6","75","8","2","0","0","0","0","12","51.8","4.3","0.1%"
"115","Phillip Dorsett II (LV)","20","40","257","12.9","34","6","1","0","0","0","0","15","51.7","3.4","0.7%"
"116","Wan'Dale Robinson (NYG)","23","31","227","9.9","19","0","1","2","-1","0","0","6","51.6","8.6","5.2%"
"117","Michael Thomas (NO)","16","22","171","10.7","21","2","3","0","0","0","0","3","51.1","17.0","25.9%"
"118","Brandon Powell (FA)","24","32","156","6.5","16","0","0","17","80","0","0","17","47.6","2.8","0.3%"
"119","Sammy Watkins (FA)","16","27","325","20.3","55","15","0","0","0","0","1","9","46.5","5.2","2.3%"
"120","David Bell (CLE)","24","35","214","8.9","20","1","0","0","0","0","0","15","45.4","3.0","0.7%"
"121","Skyy Moore (KC)","22","33","250","11.4","30","3","0","3","24","0","3","16","43.4","2.7","11.9%"
"122","Ashton Dulin (IND)","15","22","207","13.8","39","3","1","2","8","0","0","10","42.5","4.3","0.1%"
"123","Scotty Miller (FA)","23","40","185","8.0","23","2","0","1","8","0","0","12","42.3","3.5","0.1%"
"124","KhaDarel Hodge (FA)","13","20","202","15.5","39","3","1","0","0","0","0","13","41.2","3.2","0.0%"
"125","Amari Rodgers (HOU)","16","25","204","12.8","37","4","1","2","7","0","2","15","39.1","2.6","0.4%"
"126","Marquez Callaway (NO)","16","32","158","9.9","33","3","1","0","0","0","0","10","37.8","3.8","0.5%"
"127","Zach Pascal (FA)","15","19","150","10.0","34","3","1","1","0","0","0","15","36.0","2.4","0.1%"
"128","Byron Pringle (FA)","10","16","135","13.5","35","4","2","0","0","0","0","10","35.5","3.6","0.2%"
"129","Sterling Shepard (NYG)","13","24","154","11.8","65","4","1","0","0","0","0","3","34.4","11.5","1.3%"
"130","Khalil Shakir (BUF)","10","20","161","16.1","31","5","1","0","0","0","0","10","34.1","3.4","0.3%"
"131","Velus Jones Jr. (CHI)","7","14","107","15.3","44","4","1","9","103","1","3","11","34.0","3.1","0.5%"
"132","Jalen Nailor (MIN)","9","13","179","19.9","47","6","1","0","0","0","0","8","32.9","4.1","0.1%"
"133","Dyami Brown (WAS)","5","14","143","28.6","75","6","2","1","15","0","0","9","32.8","3.6","0.1%"
"134","Steven Sims Jr. (PIT)","14","23","104","7.4","28","1","0","13","70","0","0","12","31.4","2.6","0.3%"
"135","River Cracraft (FA)","9","14","102","11.3","22","1","2","0","0","0","0","8","31.2","3.9","0.0%"
"136","Lawrence Cager (NYG)","13","19","118","9.1","20","1","1","0","0","0","0","6","30.8","5.1","0.0%"
"137","Keelan Cole Sr. (FA)","10","21","141","14.1","30","4","1","0","0","0","0","12","30.1","2.5","0.1%"
"138","Denzel Mims (NYJ)","11","25","186","16.9","63","6","0","0","0","0","0","9","29.6","3.3","0.1%"
"139","Jalen Reagor (MIN)","8","13","104","13.0","38","3","1","4","25","0","0","17","26.9","1.6","0.1%"
"140","Cedrick Wilson Jr. (MIA)","12","18","136","11.3","21","2","0","1","8","0","0","13","26.4","2.0","0.9%"
"141","KJ Hamler (DEN)","7","14","165","23.6","55","10","0","2","23","0","0","7","25.8","3.7","0.9%"
"142","N'Keal Harry (FA)","7","9","116","16.6","49","3","1","0","0","0","0","6","24.6","4.1","0.1%"
"143","DeSean Jackson (FA)","9","17","153","17.0","62","5","0","0","0","0","0","7","24.3","3.5","0.9%"
"144","Breshad Perriman (FA)","9","19","110","12.2","28","2","1","2","-7","0","1","8","23.3","2.9","0.2%"
"145","Tom Kennedy (DET)","8","15","141","17.6","44","4","0","0","0","0","0","7","22.1","3.2","0.1%"
"146","David Sills V (NYG)","11","17","106","9.6","24","1","0","0","0","0","0","7","21.6","3.1","0.0%"
"147","Jeff Smith (NYJ)","8","11","134","16.8","50","5","0","0","0","0","0","7","21.4","3.1","0.0%"
"148","Kenny Golladay (FA)","6","17","81","13.5","25","1","1","0","0","0","0","6","20.1","3.4","6.8%"
"149","Samori Toure (GB)","5","10","82","16.4","37","4","1","0","0","0","0","4","19.2","4.8","0.1%"
"150","T.Y. Hilton (FA)","7","10","121","17.3","52","5","0","0","0","0","0","3","19.1","6.4","2.7%"
"151","Michael Bandy (FA)","10","21","89","8.9","25","2","0","0","0","0","0","8","18.9","2.4","0.1%"
"152","Marcus Johnson (FA)","9","22","99","11.0","18","0","0","0","0","0","0","8","18.9","2.4","0.0%"
"153","Anthony Schwartz (CLE)","4","10","51","12.8","19","0","0","4","57","1","1","7","18.8","2.7","0.1%"
"154","Cam Sims (FA)","8","18","89","11.1","21","1","0","0","0","0","0","13","16.9","1.3","0.0%"
"155","Dax Milne (WAS)","6","7","37","6.2","12","0","1","0","0","0","0","15","15.7","1.0","0.0%"
"156","Jameson Williams (DET)","1","9","41","41.0","41","3","1","1","40","0","0","6","15.1","2.5","23.0%"
"157","Brandon Johnson (DEN)","6","14","42","7.0","12","0","1","0","0","0","1","5","14.2","2.8","0.0%"
"158","Dee Eskridge (SEA)","7","13","58","8.3","16","0","0","2","10","0","0","9","13.8","1.5","0.3%"
"159","Jalen Virgil (DEN)","2","5","75","37.5","66","4","1","0","0","0","1","7","13.5","1.9","0.1%"
"160","James Proche II (BAL)","8","17","62","7.8","12","0","0","0","0","0","0","12","13.2","1.1","0.1%"
"161","Gunner Olszewski (PIT)","5","7","53","10.6","31","2","0","8","39","0","1","15","12.2","0.8","0.1%"
"162","Jamison Crowder (FA)","6","13","60","10.0","16","0","0","0","0","0","0","4","12.0","3.0","1.3%"
"163","Kyle Philips (TEN)","8","13","78","9.8","21","2","0","0","0","0","2","4","11.8","3.0","0.2%"
"164","Trent Taylor (FA)","6","10","62","10.3","34","2","0","4","15","0","1","16","11.7","0.7","0.1%"
"165","Andre Baccellia (ARI)","7","10","45","6.4","11","0","0","0","0","0","0","5","11.5","2.3","0.0%"
"166","Freddie Swain (FA)","4","6","74","18.5","52","4","0","0","0","0","0","3","11.4","3.8","0.0%"
"167","John Brown (FA)","1","2","42","42.0","42","3","1","0","0","0","0","2","11.2","5.6","0.0%"
"168","Deven Thompkins (TB)","5","10","32","6.4","13","0","0","2","26","0","0","5","10.8","2.2","0.0%"
"169","Jake Kumerow (FA)","4","7","64","16.0","39","2","0","0","0","0","0","5","10.4","2.1","0.0%"
"170","Laquon Treadwell (SEA)","6","10","42","7.0","17","0","0","0","0","0","0","3","10.2","3.4","0.0%"
"171","Cole Beasley (BUF)","6","8","35","5.8","9","0","0","0","0","0","0","5","9.5","1.9","0.9%"
"172","Kevin White (NO)","2","5","74","37.0","64","4","0","0","0","0","0","6","9.4","1.6","0.0%"
"173","Michael Woods II (CLE)","5","10","45","9.0","15","0","0","1","-5","0","0","8","9.0","1.1","0.0%"
"174","Mike Strachan (IND)","3","9","59","19.7","23","2","0","0","0","0","0","6","8.9","1.5","0.0%"
"175","Chris Conley (TEN)","4","7","46","11.5","27","1","0","0","0","0","0","4","8.6","2.2","0.1%"
"176","Jalen Guyton (LAC)","2","4","64","32.0","54","4","0","0","0","0","0","2","8.4","4.2","0.1%"
"177","Cody Hollister (TEN)","3","5","54","18.0","27","2","0","0","0","0","0","6","8.4","1.4","0.0%"
"178","Mike Thomas (BAL)","2","10","38","19.0","33","2","0","0","0","0","0","5","7.8","1.6","0.1%"
"179","Tylan Wallace (BAL)","4","7","33","8.3","12","0","0","0","0","0","0","6","7.3","1.2","0.0%"
"180","Racey McMath (TEN)","2","8","40","20.0","39","2","0","1","4","0","0","4","6.4","1.6","0.0%"
"181","Tim Jones (JAC)","3","4","30","10.0","20","1","0","0","0","0","0","7","6.0","0.9","0.0%"
"182","Simi Fehoko (DAL)","3","4","24","8.0","12","0","0","0","0","0","0","3","5.4","1.8","0.0%"
"183","Montrell Washington (DEN)","4","9","2","0.5","4","0","0","5","30","0","1","15","5.2","0.3","0.2%"
"184","Penny Hart (SEA)","3","4","20","6.7","15","0","0","0","0","0","0","3","5.0","1.7","0.0%"
"185","Tyrie Cleveland (PHI)","2","7","28","14.0","16","0","0","0","0","0","0","5","4.8","1.0","0.0%"
"186","Jaelon Darden (CLE)","2","2","26","13.0","25","1","0","1","2","0","0","14","4.8","0.3","0.0%"
"187","Bryan Edwards (FA)","3","5","15","5.0","10","0","0","0","0","0","0","4","4.5","1.1","0.2%"
"188","Daylen Baldwin (CLE)","2","2","25","12.5","15","0","0","0","0","0","0","1","4.5","4.5","0.0%"
"189","Dareke Young (SEA)","2","2","24","12.0","12","0","0","0","0","0","0","7","4.4","0.6","0.0%"
"190","Dezmon Patmon (BUF)","2","6","24","12.0","17","0","0","0","0","0","0","1","4.4","4.4","0.0%"
"191","Andy Isabella (BAL)","2","5","21","10.5","11","0","0","1","1","0","0","4","4.2","1.1","0.0%"
"192","Pharoh Cooper (ARI)","2","2","6","3.0","3","0","0","4","15","0","0","5","4.1","0.8","0.0%"
"193","Cade Johnson (SEA)","2","4","21","10.5","11","0","0","0","0","0","0","2","4.1","2.1","0.0%"
"194","Lil'Jordan Humphrey (DEN)","2","4","20","10.0","11","0","0","0","0","0","0","4","4.0","1.0","0.0%"
"195","Keith Kirkwood (NO)","2","4","18","9.0","14","0","0","0","0","0","0","3","3.8","1.3","0.0%"
"196","Dennis Houston (DAL)","2","6","16","8.0","11","0","0","0","0","0","0","2","3.6","1.8","0.0%"
"197","Quintez Cephus (DET)","2","3","15","7.5","9","0","0","0","0","0","0","3","3.5","1.2","0.1%"
"198","Nsimba Webster (CHI)","2","3","14","7.0","8","0","0","0","0","0","0","1","3.4","3.4","0.0%"
"199","Austin Trammell (LAR)","2","4","13","6.5","8","0","0","0","0","0","0","2","3.3","1.7","0.0%"
"200","Jalen Tolbert (DAL)","2","3","12","6.0","8","0","0","0","0","0","0","3","3.2","1.1","2.4%"
"201","Miles Boykin (FA)","2","3","11","5.5","11","0","0","0","0","0","0","10","3.1","0.3","0.0%"
"202","Danny Gray (SF)","1","7","10","10.0","10","0","0","1","9","0","0","7","2.9","0.4","0.1%"
"203","Juwann Winfree (FA)","1","4","17","17.0","17","0","0","0","0","0","0","3","2.7","0.9","0.0%"
"204","DJ Turner (LV)","0","1","0","0","0","0","0","4","26","0","0","6","2.6","0.4","0.0%"
"205","Frank Darby (ATL)","1","1","15","15.0","15","0","0","0","0","0","0","1","2.5","2.5","0.0%"
"206","Tyron Johnson (SF)","1","1","8","8.0","8","0","0","0","0","0","0","2","1.8","0.9","0.0%"
"207","Braylon Sanders (MIA)","2","3","17","8.5","13","0","0","0","0","0","1","2","1.7","0.9","0.0%"
"208","Maurice Alexander (DET)","1","1","7","7.0","7","0","0","0","0","0","0","3","1.7","0.6","0.0%"
"209","Jalen Camp (HOU)","1","1","7","7.0","7","0","0","0","0","0","0","1","1.7","1.7","0.0%"
"210","C.J. Board (TEN)","1","1","6","6.0","6","0","0","0","0","0","0","4","1.6","0.4","0.0%"
"211","Jason Moore Jr. (FA)","1","2","5","5.0","5","0","0","0","0","0","0","1","1.5","1.5","0.0%"
"212","Deonte Harty (BUF)","2","2","13","6.5","9","0","0","0","0","0","1","4","1.3","0.3","0.0%"
"213","Mason Kinsey (TEN)","1","1","3","3.0","3","0","0","0","0","0","0","2","1.3","0.7","0.0%"
"214","Erik Ezukanma (MIA)","1","1","3","3.0","3","0","0","0","0","0","0","1","1.3","1.3","0.1%"
"215","Cody White (PIT)","1","1","2","2.0","2","0","0","0","0","0","0","1","1.2","1.2","0.0%"
"216","Keke Coutee (FA)","1","1","20","20.0","20","1","0","0","0","0","1","7","1.0","0.1","0.0%"
"217","Ihmir Smith-Marsette (KC)","1","4","15","15.0","15","0","0","1","-1","0","1","4","0.4","0.1","0.0%"
"218","Lance McCutcheon (LAR)","0","5","0","0","0","0","0","0","0","0","0","4","0.0","0.0","0.0%"
"219","Ja'Marcus Bradley (PIT)","0","0","0","0","0","0","0","0","0","0","0","0","0","0","0.0%"
"220","Trishton Jackson (MIN)","0","0","0","0","0","0","0","0","0","0","0","0","0","0","0.0%"
"221","Binjimen Victor (FA)","0","0","0","0","0","0","0","0","0","0","0","1","0.0","0.0","0.0%"
"222","Raleigh Webb (NE)","0","0","0","0","0","0","0","0","0","0","0","3","0.0","0.0","0.0%"
"223","Tyreik McAllister (DEN)","0","0","0","0","0","0","0","0","0","0","0","0","0","0","0.0%"
"224","Justyn Ross (KC)","0","0","0","0","0","0","0","0","0","0","0","2","0.0","0.0","0.1%"
"225","Mike Harley Jr. (CLE)","0","0","0","0","0","0","0","0","0","0","0","0","0","0","0.0%"
"226","Kwamie Lassiter II (CIN)","0","0","0","0","0","0","0","0","0","0","0","0","0","0","0.0%"
"227","Kendric Pryor (JAC)","0","0","0","0","0","0","0","0","0","0","0","0","0","0","0.0%"
"228","Kirk Merritt (NO)","0","0","0","0","0","0","0","0","0","0","0","1","0.0","0.0","0.0%"
"229","Dre Miller (NYG)","0","0","0","0","0","0","0","0","0","0","0","0","0","0","0.0%"
"230","Rodney Williams (PIT)","0","0","0","0","0","0","0","0","0","0","0","0","0","0","0.0%"
"231","Joe Reed (CHI)","0","0","0","0","0","0","0","0","0","0","0","0","0","0","0.0%"
"232","Ethan Fernea (IND)","0","0","0","0","0","0","0","0","0","0","0","0","0","0","0.0%"
"233","Lynn Bowden Jr. (NE)","0","0","0","0","0","0","0","0","0","0","0","0","0","0","0.0%"
"234","Easop Winston Jr. (SEA)","0","0","0","0","0","0","0","0","0","0","0","0","0","0","0.0%"
"235","Irvin Charles (NYJ)","0","0","0","0","0","0","0","0","0","0","0","0","0","0","0.0%"
"236","John Hightower (LAC)","0","0","0","0","0","0","0","0","0","0","0","0","0","0","0.0%"
"237","Isaiah Zuber (LV)","0","0","0","0","0","0","0","0","0","0","0","0","0","0","0.0%"
"238","Jared Bernhardt (ATL)","0","0","0","0","0","0","0","0","0","0","0","0","0","0","0.0%"
"239","Marquez Stevenson (CLE)","0","0","0","0","0","0","0","0","0","0","0","0","0","0","0.0%"
"240","Chris Pierce Jr. (ARI)","0","0","0","0","0","0","0","0","0","0","0","1","0.0","0.0","0.0%"
"241","Scotty Washington (NE)","0","0","0","0","0","0","0","0","0","0","0","0","0","0","0.0%"
"242","Shemar Bridges (BAL)","0","0","0","0","0","0","0","0","0","0","0","0","0","0","0.0%"
"243","Jaylon Moore (JAC)","0","0","0","0","0","0","0","0","0","0","0","0","0","0","0.0%"
"244","Reggie Roberson Jr. (TEN)","0","0","0","0","0","0","0","0","0","0","0","0","0","0","0.0%"
"245","Dazz Newsome (SF)","0","0","0","0","0","0","0","0","0","0","0","0","0","0","0.0%"
"246","Seth Williams (JAC)","0","0","0","0","0","0","0","0","0","0","0","0","0","0","0.0%"
"247","Dez Fitzpatrick (PIT)","0","0","0","0","0","0","0","0","0","0","0","0","0","0","0.0%"
"248","Demetric Felton Jr. (CLE)","2","4","8","4.0","5","0","0","1","-4","0","0","6","0.0","0.0","0.0%"
"249","Dan Chisena (PIT)","0","0","0","0","0","0","0","0","0","0","0","2","0.0","0.0","0.0%"
"250","Jeff Cotton Jr. (GB)","0","0","0","0","0","0","0","0","0","0","0","0","0","0","0.0%"
"251","Malik Turner (IND)","0","0","0","0","0","0","0","0","0","0","0","2","0.0","0.0","0.0%"
"252","Vyncint Smith (IND)","0","0","0","0","0","0","0","0","0","0","0","0","0","0","0.0%"
"253","Chris Lacy (LV)","0","0","0","0","0","0","0","0","0","0","0","0","0","0","0.0%"
"254","Collin Johnson (NYG)","0","0","0","0","0","0","0","0","0","0","0","0","0","0","0.0%"
"255","Trinity Benson (DET)","0","0","0","0","0","0","0","0","0","0","0","1","0.0","0.0","0.0%"
"256","Quinton Bell (ATL)","0","0","0","0","0","0","0","0","0","0","0","3","0.0","0.0","0.0%"
"257","Alex Bachman (HOU)","0","0","0","0","0","0","0","0","0","0","0","1","0.0","0.0","0.0%"
"258","Malik Taylor (NYJ)","0","0","0","0","0","0","0","0","0","0","0","0","0","0","0.0%"
"259","Preston Williams (CAR)","0","0","0","0","0","0","0","0","0","0","0","0","0","0","0.0%"
"260","Tyler Johnson (LV)","0","0","0","0","0","0","0","0","0","0","0","0","0","0","0.0%"
"261","Josh Ali (ATL)","0","1","0","0","0","0","0","0","0","0","0","1","0.0","0.0","0.0%"
"262","Stanley Morgan Jr. (CIN)","0","1","0","0","0","0","0","0","0","0","0","9","0.0","0.0","0.0%"
"263","KeeSean Johnson (BUF)","0","0","0","0","0","0","0","0","0","0","0","0","0","0","0.0%"
"264","Keelan Doss (LAC)","0","0","0","0","0","0","0","0","0","0","0","0","0","0","0.0%"
"265","Cody Thompson (SEA)","0","0","0","0","0","0","0","0","0","0","0","1","0.0","0.0","0.0%"
"266","Devon Allen (PHI)","0","0","0","0","0","0","0","0","0","0","0","0","0","0","0.0%"
"267","Kevin Austin Jr. (JAC)","0","0","0","0","0","0","0","0","0","0","0","0","0","0","0.0%"
"268","Jerrion Ealy (KC)","0","0","0","0","0","0","0","0","0","0","0","0","0","0","0.0%"
"269","John Metchie III (HOU)","0","0","0","0","0","0","0","0","0","0","0","0","0","0","0.8%"
"270","Cornell Powell (KC)","0","0","0","0","0","0","0","0","0","0","0","0","0","0","0.0%"
"271","Thomas Hennigan (MIN)","0","0","0","0","0","0","0","0","0","0","0","0","0","0","0.0%"
"272","Kaylon Geiger Sr. (TB)","0","0","0","0","0","0","0","0","0","0","0","0","0","0","0.0%"
"273","Bo Melton (GB)","0","0","0","0","0","0","0","0","0","0","0","0","0","0","0.0%"
"274","Tay Martin (SF)","0","0","0","0","0","0","0","0","0","0","0","1","0.0","0.0","0.0%"
"275","Emeka Emezie (FA)","0","0","0","0","0","0","0","0","0","0","0","1","0.0","0.0","0.0%"
"276","Isaiah Weston (CLE)","0","0","0","0","0","0","0","0","0","0","0","0","0","0","0.0%"
"277","Gerrit Prince (JAC)","0","0","0","0","0","0","0","0","0","0","0","0","0","0","0.0%"
"278","Britain Covey (PHI)","0","0","0","0","0","0","0","0","0","0","0","17","0.0","0.0","0.0%"
"279","Johnny Johnson III (HOU)","0","0","0","0","0","0","0","0","0","0","0","0","0","0","0.0%"
"280","Kalil Pimpleton (NYG)","0","0","0","0","0","0","0","0","0","0","0","0","0","0","0.0%"
"281","Stanley Berryhill III (DET)","0","0","0","0","0","0","0","0","0","0","0","1","0.0","0.0","0.0%"
"282","Tanner Conner (MIA)","0","3","0","0","0","0","0","0","0","0","0","2","0.0","0.0","0.0%"
"283","Dillon Stoner (LV)","0","0","0","0","0","0","0","0","0","0","0","0","0","0","0.0%"
"284","Connor Wedington (SEA)","0","0","0","0","0","0","0","0","0","0","0","0","0","0","0.0%"
"285","Blake Proehl (MIN)","0","0","0","0","0","0","0","0","0","0","0","0","0","0","0.0%"
"286","Kawaan Baker (NO)","0","0","0","0","0","0","0","0","0","0","0","0","0","0","0.0%"
"287","Tre Nixon (NE)","0","0","0","0","0","0","0","0","0","0","0","0","0","0","0.0%"
"288","Jacob Harris (LAR)","1","1","6","6.0","6","0","0","0","0","0","0","3","0.0","0.0","0.0%"
"289","Dontario Drummond (DAL)","0","0","0","0","0","0","0","0","0","0","0","0","0","0","0.0%"
"290","Calvin Austin III (PIT)","0","0","0","0","0","0","0","0","0","0","0","0","0","0","0.2%"
"291","C.J. Saunders (CAR)","0","0","0","0","0","0","0","0","0","0","0","0","0","0","0.0%"
"292","Stone Smartt (LAC)","4","5","17","4.3","8","0","0","0","0","0","0","3","0.0","0.0","0.0%"
"293","Kyric McGowan (WAS)","0","0","0","0","0","0","0","0","0","0","0","0","0","0","0.0%"
"294","Drew Estrada (HOU)","0","0","0","0","0","0","0","0","0","0","0","0","0","0","0.0%"
"295","Derek Wright (CAR)","0","0","0","0","0","0","0","0","0","0","0","0","0","0","0.0%"
"296","Ra'Shaun Henry (ATL)","0","0","0","0","0","0","0","0","0","0","0","0","0","0","0.0%"
"297","Josh Gordon (FA)","0","1","0","0","0","0","0","0","0","0","0","1","0.0","0.0","0.1%"
"298","Demario Ballard (DET)","0","0","0","0","0","0","0","0","0","0","0","0","0","0","0.0%"
"299","Patrick Edwards (DET)","0","0","0","0","0","0","0","0","0","0","0","0","0","0","0.0%"
"300","Eron Riley (NYJ)","0","0","0","0","0","0","0","0","0","0","0","0","0","0","0.0%"
"301","Albert Wilson (LV)","0","0","0","0","0","0","0","0","0","0","0","3","0.0","0.0","0.0%"
"302","Matthew Slater (NE)","0","0","0","0","0","0","0","0","0","0","0","8","0.0","0.0","0.0%"
"303","Marko Mitchell (MIN)","0","0","0","0","0","0","0","0","0","0","0","0","0","0","0.0%"
"304","Lance Long (SF)","0","0","0","0","0","0","0","0","0","0","0","0","0","0","0.0%"
"305","Kenny McKinley (DEN)","0","0","0","0","0","0","0","0","0","0","0","0","0","0","0.0%"
"306","Maurice Purify (CIN)","0","0","0","0","0","0","0","0","0","0","0","0","0","0","0.0%"
"307","Bobby Wade (WAS)","0","0","0","0","0","0","0","0","0","0","0","0","0","0","0.0%"
"308","Chris Henry (CIN)","0","0","0","0","0","0","0","0","0","0","0","0","0","0","0.0%"
"309","Onrea Jones (CHI)","0","0","0","0","0","0","0","0","0","0","0","0","0","0","0.0%"
"310","Taj Smith (IND)","0","0","0","0","0","0","0","0","0","0","0","0","0","0","0.0%"
"311","Andre Roberts (FA)","0","0","0","0","0","0","0","0","0","0","0","3","0.0","0.0","0.0%"
"312","Rod Harper (PHI)","0","0","0","0","0","0","0","0","0","0","0","0","0","0","0.0%"
"313","Nate Hughes (JAC)","0","0","0","0","0","0","0","0","0","0","0","0","0","0","0.0%"
"314","Mike Furrey (WAS)","0","0","0","0","0","0","0","0","0","0","0","0","0","0","0.0%"
"315","Sam Giguere (NYG)","0","0","0","0","0","0","0","0","0","0","0","0","0","0","0.0%"
"316","Marken Michel (WAS)","0","0","0","0","0","0","0","0","0","0","0","1","0.0","0.0","0.0%"
"317","Jaydon Mickens (NYG)","0","0","0","0","0","0","0","0","0","0","0","0","0","0","0.0%"
"318","Tim Patrick (DEN)","0","0","0","0","0","0","0","0","0","0","0","0","0","0","0.7%"
"319","Alex Erickson (WAS)","0","0","0","0","0","0","0","0","0","0","0","2","0.0","0.0","0.0%"
"320","Brandon Zylstra (FA)","0","0","0","0","0","0","0","0","0","0","0","2","0.0","0.0","0.0%"
"321","Greg Ward (PHI)","0","0","0","0","0","0","0","0","0","0","0","0","0","0","0.0%"
"322","James Washington (FA)","0","1","0","0","0","0","0","0","0","0","0","1","0.0","0.0","0.3%"
"323","Daurice Fountain (CHI)","0","0","0","0","0","0","0","0","0","0","0","0","0","0","0.0%"
"324","Javon Wims (ARI)","0","0","0","0","0","0","0","0","0","0","0","0","0","0","0.0%"
"325","Auden Tate (ARI)","0","0","0","0","0","0","0","0","0","0","0","0","0","0","0.0%"
"326","Anthony Miller (PIT)","0","0","0","0","0","0","0","0","0","0","0","0","0","0","0.0%"
"327","Antonio Callaway (DAL)","0","0","0","0","0","0","0","0","0","0","0","0","0","0","0.0%"
"328","Calvin Ridley (JAC)","0","0","0","0","0","0","0","0","0","0","0","0","0","0","2.4%"
"329","Justin Hardee (NYJ)","0","0","0","0","0","0","0","0","0","0","0","12","0.0","0.0","0.0%"
"330","Tanner Gentry (FA)","0","1","0","0","0","0","0","0","0","0","0","1","0.0","0.0","0.0%"
"331","Marcus Kemp (WAS)","0","0","0","0","0","0","0","0","0","0","0","2","0.0","0.0","0.0%"
"332","Diontae Spencer (NYJ)","0","0","0","0","0","0","0","0","0","0","0","0","0","0","0.0%"
"333","Ty Montgomery (NE)","3","4","15","5.0","7","0","1","2","-2","0","0","1","0.0","0.0","0.5%"
"334","Rashard Higgins (FA)","0","0","0","0","0","0","0","0","0","0","0","1","0.0","0.0","0.0%"
"335","Jakeem Grant Sr. (CLE)","0","0","0","0","0","0","0","0","0","0","0","0","0","0","0.0%"
"336","KaVontae Turpin (DAL)","1","2","9","9.0","9","0","0","3","17","0","2","17","-0.4","-0.0","0.2%"
"337","Chester Rogers (FA)","0","0","0","0","0","0","0","0","0","0","1","3","-2.0","-0.7","0.0%"
""
""